SERVICE_ID,SERVICE_NAME,SERVICE_TYPE
1,S1,FIREWALL
2,S2,DATABASE
3,S3,AUTHENTICATION
4,S4,SERVICE1
5,S5,SERVICE2
6,S6,SERVICE3
7,S7,SERVICE4
8,S8,SERVICE5
9,S9,SERVICE6
10,S10,SERVICE7
11,S11,SERVICE8
12,S12,SERVICE9
13,S13,SERVICE10
14,S14,SERVICE11
15,S15,SERVICE12
16,S16,SERVICE13
17,S17,SERVICE14
18,S18,SERVICE15
19,S19,SERVICE16
20,S20,SERVICE17
21,S21,FIREWALL
22,S22,DATABASE
23,S23,AUTHENTICATION
24,S24,SERVICE1
25,S25,SERVICE2
26,S26,SERVICE3
27,S27,SERVICE4
28,S28,SERVICE5
29,S29,SERVICE6
30,S30,SERVICE7
31,S31,SERVICE8
32,S32,SERVICE9
33,S33,SERVICE10
34,S34,SERVICE11
35,S35,SERVICE12
36,S36,SERVICE13
37,S37,SERVICE14
38,S38,SERVICE15
39,S39,SERVICE16
40,S40,SERVICE17
41,S41,FIREWALL
42,S42,DATABASE
43,S43,AUTHENTICATION
44,S44,SERVICE1
45,S45,SERVICE2
46,S46,SERVICE3
47,S47,SERVICE4
48,S48,SERVICE5
49,S49,SERVICE6
50,S50,SERVICE7
51,S51,SERVICE8
52,S52,SERVICE9
53,S53,SERVICE10
54,S54,SERVICE11
55,S55,SERVICE12
56,S56,SERVICE13
57,S57,SERVICE14
58,S58,SERVICE15
59,S59,SERVICE16
60,S60,SERVICE17
61,S61,FIREWALL
62,S62,DATABASE
63,S63,AUTHENTICATION
64,S64,SERVICE1
65,S65,SERVICE2
66,S66,SERVICE3
67,S67,SERVICE4
68,S68,SERVICE5
69,S69,SERVICE6
70,S70,SERVICE7
71,S71,SERVICE8
72,S72,SERVICE9
73,S73,SERVICE10
74,S74,SERVICE11
75,S75,SERVICE12
76,S76,SERVICE13
77,S77,SERVICE14
78,S78,SERVICE15
79,S79,SERVICE16
80,S80,SERVICE17
81,S81,FIREWALL
82,S82,DATABASE
83,S83,AUTHENTICATION
84,S84,SERVICE1
85,S85,SERVICE2
86,S86,SERVICE3
87,S87,SERVICE4
88,S88,SERVICE5
89,S89,SERVICE6
90,S90,SERVICE7
91,S91,SERVICE8
92,S92,SERVICE9
93,S93,SERVICE10
94,S94,SERVICE11
95,S95,SERVICE12
96,S96,SERVICE13
97,S97,SERVICE14
98,S98,SERVICE15
99,S99,SERVICE16
100,S100,SERVICE17